https://www.youtube.com/watch?v=wYzGtkcttVE,00:00:40,00:00:50
https://www.youtube.com/watch?v=KSsbYRJ9tsA,00:00:40,00:00:50
https://www.youtube.com/watch?v=W7_TmTucL78,00:01:20,00:01:30
https://www.youtube.com/watch?v=W7_TmTucL78,00:02:10,00:02:20
https://www.youtube.com/watch?v=0mCcMJC6sys,00:00:04,00:00:50
https://www.youtube.com/watch?v=G_Lhkhxl8BU,00:00:11,00:03:00
https://www.youtube.com/watch?v=WORirbXAI8A,00:00:10,00:00:50
https://www.youtube.com/watch?v=e2QEToo2FJ0,00:00:04,00:00:30
https://www.youtube.com/watch?v=15kR240kpFQ,00:00:06,00:00:37
https://www.youtube.com/watch?v=gYzBeGm9XfQ,00:00:08,00:00:29
https://www.youtube.com/watch?v=z5sR8duhUjo,00:00:17,00:00:58
https://www.youtube.com/watch?v=mg6-SnUl0A0,00:00:20,00:02:19
https://www.youtube.com/watch?v=MJTEt4aPhFQ&list=PL3oR83GGTZrexHTHtnQiMgK_PAYBQK8CW,00:00:20,00:03:23
https://www.youtube.com/watch?v=dKyTqUWQiSQ&list=PL3oR83GGTZrexHTHtnQiMgK_PAYBQK8CW&index=22,00:00:50,00:03:23
https://www.youtube.com/watch?v=w8twVlOI20g,00:00:50,00:01:33
https://www.youtube.com/watch?v=tfIu0tw8hOY&list=PLtvJj9xmd0f4pfb-hU8m2LA-xwLN-1hQ7,00:00:10,00:00:29
https://www.youtube.com/watch?v=colwezkcoKQ&list=PLtvJj9xmd0f4pfb-hU8m2LA-xwLN-1hQ7&index=11,00:00:30,00:02:39
https://www.youtube.com/watch?v=e5i7qgZ-FM4&list=PLtvJj9xmd0f4pfb-hU8m2LA-xwLN-1hQ7&index=25,00:00:30,00:02:20
https://www.youtube.com/watch?v=_DZ_DZFuBzU&list=PLtvJj9xmd0f4pfb-hU8m2LA-xwLN-1hQ7&index=36,00:00:30,00:02:10
https://www.youtube.com/watch?v=hrGoK0JUf14,00:00:10,00:00:50
https://www.youtube.com/watch?v=ZG920z709sU,00:00:05,00:00:45
https://www.youtube.com/watch?v=dXsp1K3rc0o,00:00:05,00:00:53
https://www.youtube.com/watch?v=iHQF9Ph1DzQ,00:00:05,00:00:35
https://www.youtube.com/watch?v=Nj4JUYb2uKs,00:00:03,00:00:56
https://www.youtube.com/watch?v=yqvDI-nzUQI,00:00:08,00:02:17
https://www.youtube.com/watch?v=9GY6HHaOvWE,00:00:10,00:02:40
https://www.youtube.com/watch?v=InKapIb40Zc,00:00:10,00:00:50
https://www.youtube.com/watch?v=4VgdMVLE0g4,00:00:10,00:02:00
https://www.youtube.com/watch?v=tYAShdHxk68,00:00:15,00:02:00
https://www.youtube.com/watch?v=ykH2rhp8k4g,00:00:10,00:01:20
https://www.youtube.com/watch?v=qywqjmhAh4I,00:00:10,00:01:10
https://www.youtube.com/watch?v=ubP_hXgKJa4&list=RDQMa9G7piFuZyQ&index=15,00:00:10,00:00:53
https://www.youtube.com/watch?v=2wzRopHZSqA,00:00:01,00:01:02
https://www.youtube.com/watch?v=UeF9F5zEwPA,00:00:05,00:00:46
https://www.youtube.com/watch?v=39u-Ln4dKsk,00:00:18,00:00:51
https://www.youtube.com/watch?v=dgxFCejEDe8,00:00:18,00:00:40
https://www.youtube.com/watch?v=JB6hNBxSzCA,00:00:18,00:00:40
https://www.youtube.com/watch?v=QrCYGaN1hzY,00:00:10,00:00:37
https://www.youtube.com/watch?v=4p1tDT0nC8o,00:00:18,00:00:40
https://www.youtube.com/watch?v=qOxv5PS_6W4,00:00:24,00:00:45
https://www.youtube.com/watch?v=Tf_m8VQjyH0,00:00:50,00:01:24
https://www.youtube.com/watch?v=mqv1xmznIsk,00:00:10,00:01:00
https://www.youtube.com/watch?v=aRNlVNuqDvc,00:00:15,00:00:45
https://www.youtube.com/watch?v=JEhY-b_Ih6A,00:00:12,00:00:40
https://www.youtube.com/watch?v=Y9w90VRCZ8g,00:00:05,00:00:35
https://www.youtube.com/watch?v=xfdI6QRC1ME,00:00:18,00:01:00
https://www.youtube.com/watch?v=CTBYaXbbo8Y,00:00:14,00:00:55
https://www.youtube.com/watch?v=neaibnsbATA&list=PLAIwmSmpobdXMWTQCSrTBaRmJCq_twuNx,00:00:17,00:04:28
https://www.youtube.com/watch?v=BjxOA3Wdiog&list=PLAIwmSmpobdXMWTQCSrTBaRmJCq_twuNx&index=4,00:00:30,00:03:05
https://www.youtube.com/watch?v=9NhlNBtVamQ&list=PLAIwmSmpobdXMWTQCSrTBaRmJCq_twuNx&index=5,00:00:15,00:03:20
https://www.youtube.com/watch?v=EGe4QfhTtOo&list=PLAIwmSmpobdXMWTQCSrTBaRmJCq_twuNx&index=9,00:00:08,00:03:20
https://www.youtube.com/watch?v=3Rnte7gfxAc&list=PLAIwmSmpobdXMWTQCSrTBaRmJCq_twuNx&index=12,00:00:05,00:03:26
https://www.youtube.com/watch?v=kcDXEYCNJmE&list=PLAIwmSmpobdXMWTQCSrTBaRmJCq_twuNx&index=22,00:00:13,00:02:53
https://www.youtube.com/watch?v=NP_nqh-9I_Y&list=PLAIwmSmpobdXMWTQCSrTBaRmJCq_twuNx&index=33,00:00:20,00:04:40
https://www.youtube.com/watch?v=DBzGsON_wj8&list=PLAIwmSmpobdXMWTQCSrTBaRmJCq_twuNx&index=39,00:00:15,00:02:21
https://www.youtube.com/watch?v=GJN1U-Po3jc&list=PLAIwmSmpobdXMWTQCSrTBaRmJCq_twuNx&index=64,00:00:15,00:03:58
https://www.youtube.com/watch?v=flKT10bVMM8&list=PLAIwmSmpobdXMWTQCSrTBaRmJCq_twuNx&index=67,00:00:09,00:03:20
https://www.youtube.com/watch?v=JB6yPAlSVgs&list=PLAIwmSmpobdXMWTQCSrTBaRmJCq_twuNx&index=69,00:00:09,00:03:20
https://www.youtube.com/watch?v=zM94c1n7aFw&list=PLAIwmSmpobdXMWTQCSrTBaRmJCq_twuNx&index=75,00:00:05,00:03:00
https://www.youtube.com/watch?v=KG9HF7NpgYw&list=PLAIwmSmpobdXMWTQCSrTBaRmJCq_twuNx&index=85,00:00:13,00:03:30
https://www.youtube.com/watch?v=JlpueJjCBjQ&list=PLAIwmSmpobdXBDN83_Wnu0rYkETD3TmOJ&index=3,00:00:03,00:02:10
https://www.youtube.com/watch?v=HLYaO49aLE4&list=PLAIwmSmpobdXBDN83_Wnu0rYkETD3TmOJ&index=8,00:00:03,00:02:58
https://www.youtube.com/watch?v=NrlZ7K2WbCI&list=PLAIwmSmpobdXBDN83_Wnu0rYkETD3TmOJ&index=11,00:00:14,00:02:30
https://www.youtube.com/watch?v=QQsYgmNUQ6E&list=PLAIwmSmpobdXBDN83_Wnu0rYkETD3TmOJ&index=12,00:00:03,00:03:34
https://www.youtube.com/watch?v=wq_RdLG4jz8&list=PLAIwmSmpobdXBDN83_Wnu0rYkETD3TmOJ&index=42,00:00:14,00:03:30
https://www.youtube.com/watch?v=_QQNlJjKQQk&list=PLAIwmSmpobdXBDN83_Wnu0rYkETD3TmOJ&index=54,00:00:10,00:03:02
https://www.youtube.com/watch?v=BO0-3Z3CH1w&list=PLAIwmSmpobdXBDN83_Wnu0rYkETD3TmOJ&index=43,00:00:14,00:03:11
https://www.youtube.com/watch?v=zdu_wl873dQ&list=PLAIwmSmpobdXBDN83_Wnu0rYkETD3TmOJ&index=44,00:00:45,00:03:11
https://www.youtube.com/watch?v=OTkjBjdPRi8&list=PLAIwmSmpobdXBDN83_Wnu0rYkETD3TmOJ&index=45,00:00:38,00:02:40